{"cameraMode":{"drawMode":0,"name":"Shaded","section":"Shading Mode"},"sceneLighting":true,"audioPlay":false,"sceneViewState":{"showFog":true,"showMaterialUpdate":false,"showSkybox":true,"showFlares":true,"showImageEffects":true,"showParticleSystems":true},"in2DMode":false,"pivot":{"x":704.8739624023438,"y":19.393741607666017,"z":121.89408111572266},"rotation":{"x":-0.23051202297210694,"y":-0.7594796419143677,"z":0.3537496030330658,"w":-0.4948975443840027},"size":19.2869815826416,"orthographic":false}