{"cameraMode":{"drawMode":0,"name":"Shaded","section":"Shading Mode"},"sceneLighting":true,"audioPlay":false,"sceneViewState":{"showFog":true,"showMaterialUpdate":false,"showSkybox":true,"showFlares":true,"showImageEffects":true,"showParticleSystems":true},"in2DMode":false,"pivot":{"x":502.61175537109377,"y":13.514789581298829,"z":165.27444458007813},"rotation":{"x":0.05533475801348686,"y":-0.9419251084327698,"z":0.19427154958248139,"w":0.26828840374946597},"size":47.95582580566406,"orthographic":false}