{"cameraMode":{"drawMode":0,"name":"Shaded","section":"Shading Mode"},"sceneLighting":true,"audioPlay":false,"sceneViewState":{"showFog":true,"showMaterialUpdate":false,"showSkybox":true,"showFlares":true,"showImageEffects":true,"showParticleSystems":true},"in2DMode":false,"pivot":{"x":0.40721750259399416,"y":-0.33565235137939455,"z":-1.8710752725601197},"rotation":{"x":-0.18657268583774568,"y":0.7625407576560974,"z":-0.2512682378292084,"w":-0.5662045478820801},"size":8.187259674072266,"orthographic":false}